cluster_id,report_count,distinct_coordinates,single_coordinate_cluster,centroid_latitude,centroid_longitude,approx_radius_meters,date_min,date_max,bbox_min_lat,bbox_min_lon,bbox_max_lat,bbox_max_lon,boundary_area_km2,density_reports_per_km2,rank,persistence,active_months,recent_3_month_count,recent_vs_historical_change,observed_trend,complaint_share
47,23,21,False,12.935,77.7065,325.7,2019-03-28T15:06:00+05:30,2021-04-05T20:09:00+05:30,12.933,77.704,12.936,77.709,0.15752,146.0,1,0.256,11,0,-1.0,Decreasing,0.3194
10,20,17,False,12.8711,77.6166,637.9,2019-01-25T11:19:00+05:30,2022-04-26T19:54:00+05:30,12.865,77.614,12.876,77.618,0.29018,68.9,2,0.302,13,0,-1.0,Decreasing,0.4167
50,19,18,False,12.9052,77.6023,430.3,2019-01-06T09:36:00+05:30,2022-06-20T13:16:00+05:30,12.902,77.6,12.908,77.605,0.24536,77.4,3,0.256,11,1,-0.259,Decreasing,0.3654
23,15,13,False,13.059,77.6326,338.1,2019-03-16T12:06:00+05:30,2020-11-06T09:15:00+05:30,13.056,77.63,13.062,77.633,0.10229,146.6,4,0.279,12,0,-1.0,Decreasing,0.7143
37,14,11,False,12.951,77.7167,333.8,2019-05-11T12:04:00+05:30,2021-10-13T19:06:00+05:30,12.95,77.714,12.952,77.718,0.06739,207.7,5,0.209,9,0,-1.0,Decreasing,0.6364
5,13,11,False,12.891,77.5983,336.2,2019-01-10T21:32:00+05:30,2021-11-19T20:05:00+05:30,12.888,77.597,12.893,77.599,0.07167,181.4,6,0.233,10,0,-1.0,Decreasing,0.6842
20,13,13,False,13.0496,77.6296,432.2,2019-02-05T11:55:00+05:30,2020-12-10T13:38:00+05:30,13.047,77.627,13.052,77.633,0.17916,72.6,7,0.209,9,0,-1.0,Decreasing,0.2826
27,13,12,False,12.951,77.7038,471.6,2019-03-30T14:05:00+05:30,2020-12-09T22:01:00+05:30,12.948,77.701,12.955,77.706,0.21139,61.5,8,0.186,8,0,-1.0,Decreasing,0.5
15,11,7,False,12.8762,77.6732,233.4,2019-02-12T11:23:00+05:30,2021-11-15T23:29:00+05:30,12.874,77.672,12.878,77.674,0.04909,224.1,9,0.186,8,0,-1.0,Stable,0.6471
3,11,10,False,12.9695,77.5751,244.4,2019-01-05T11:25:00+05:30,2020-11-18T12:39:00+05:30,12.968,77.573,12.971,77.577,0.10209,107.7,10,0.163,7,0,-1.0,Decreasing,0.3056
36,10,8,False,12.9136,77.6982,298.6,2019-03-07T22:03:00+05:30,2020-02-03T16:33:00+05:30,12.911,77.697,12.916,77.699,0.07641,130.9,11,0.14,6,0,-1.0,Decreasing,0.5
48,10,10,False,13.0645,77.6271,250.3,2019-05-29T17:34:00+05:30,2020-11-17T18:01:00+05:30,13.062,77.626,13.066,77.629,0.08481,117.9,12,0.186,8,0,-1.0,Decreasing,0.4545
22,10,10,False,12.9798,77.7687,356.0,2019-03-15T02:55:00+05:30,2020-09-21T00:01:00+05:30,12.977,77.767,12.983,77.77,0.11333,88.2,13,0.186,8,0,-1.0,Decreasing,0.3704
14,9,5,False,12.9314,77.6852,260.0,2019-01-30T17:05:00+05:30,2020-07-25T14:15:00+05:30,12.93,77.683,12.933,77.686,0.04909,183.3,14,0.116,5,0,-1.0,Insufficient data,0.6429
38,9,6,False,12.9387,77.6975,265.5,2019-05-16T12:20:00+05:30,2021-11-17T17:09:00+05:30,12.938,77.695,12.94,77.699,0.04909,183.3,15,0.186,8,0,-1.0,Insufficient data,0.375
44,9,9,False,12.9805,77.6788,305.4,2019-06-09T10:42:00+05:30,2020-08-07T17:00:00+05:30,12.978,77.678,12.983,77.68,0.06227,144.5,16,0.093,4,0,-1.0,Insufficient data,0.2
30,9,8,False,12.8626,77.5995,367.4,2019-02-04T19:07:00+05:30,2022-01-03T16:45:00+05:30,12.859,77.599,12.865,77.6,0.0751,119.8,17,0.209,9,0,-1.0,Insufficient data,0.45
24,9,8,False,12.997,77.6115,293.6,2019-03-25T11:02:00+05:30,2020-02-22T11:33:00+05:30,12.995,77.61,13.0,77.613,0.10123,88.9,18,0.14,6,0,-1.0,Insufficient data,0.3
18,9,8,False,12.9061,77.6801,344.0,2019-02-23T12:13:00+05:30,2022-02-20T21:59:00+05:30,12.904,77.678,12.908,77.682,0.11219,80.2,19,0.186,8,0,-1.0,Insufficient data,0.375
33,9,9,False,12.8964,77.6557,303.4,2019-04-19T08:11:00+05:30,2021-01-17T22:39:00+05:30,12.894,77.653,12.898,77.657,0.13459,66.9,20,0.186,8,0,-1.0,Insufficient data,0.2812
21,8,8,False,13.0618,77.6491,265.9,2019-03-12T12:20:00+05:30,2021-12-21T23:09:00+05:30,13.06,77.649,13.064,77.65,0.04909,163.0,21,0.14,6,0,-1.0,Insufficient data,0.8889
31,8,8,False,12.9654,77.7581,380.0,2019-04-09T23:07:00+05:30,2021-02-05T12:15:00+05:30,12.965,77.756,12.967,77.761,0.04909,163.0,22,0.116,5,0,-1.0,Insufficient data,0.5333
32,8,5,False,12.9924,77.5952,270.2,2019-01-24T10:48:00+05:30,2022-02-08T21:15:00+05:30,12.99,77.594,12.993,77.596,0.04909,163.0,23,0.14,6,0,-1.0,Insufficient data,0.6154
66,8,8,False,13.0205,77.5404,235.3,2020-01-25T08:50:00+05:30,2022-07-28T07:16:00+05:30,13.019,77.538,13.022,77.541,0.04909,163.0,24,0.07,3,1,0.905,Insufficient data,0.8889
68,8,8,False,12.9851,77.5968,3.8,2020-02-27T15:12:00+05:30,2020-03-04T15:18:00+05:30,12.985,77.597,12.985,77.597,0.04909,163.0,25,0.047,2,0,-1.0,Insufficient data,0.32
55,8,5,False,12.8889,77.6255,415.5,2019-07-07T21:30:00+05:30,2020-03-16T11:59:00+05:30,12.885,77.624,12.891,77.626,0.04924,162.5,26,0.116,5,0,-1.0,Insufficient data,0.8889
4,8,8,False,12.9165,77.6742,232.1,2019-01-08T15:15:00+05:30,2020-04-24T19:29:00+05:30,12.915,77.672,12.918,77.676,0.05574,143.5,27,0.14,6,0,-1.0,Insufficient data,0.4444
26,8,8,False,12.8962,77.6325,265.0,2019-03-26T20:40:00+05:30,2020-06-24T20:59:00+05:30,12.894,77.631,12.898,77.634,0.08782,91.1,28,0.116,5,0,-1.0,Insufficient data,0.7273
7,8,7,False,12.9056,77.5726,320.1,2019-01-14T13:37:00+05:30,2021-01-08T10:59:00+05:30,12.905,77.57,12.908,77.574,0.08829,90.6,29,0.14,6,0,-1.0,Insufficient data,0.3478
12,8,7,False,12.9231,77.599,263.0,2019-01-27T19:30:00+05:30,2019-11-12T14:27:00+05:30,12.921,77.597,12.925,77.6,0.08869,90.2,30,0.093,4,0,-1.0,Insufficient data,0.5333
16,8,8,False,12.892,77.6099,392.4,2019-02-19T21:49:00+05:30,2020-03-10T11:57:00+05:30,12.891,77.606,12.894,77.612,0.08876,90.1,31,0.14,6,0,-1.0,Insufficient data,0.6667
1,7,7,False,13.0395,77.6821,229.9,2019-01-02T13:54:00+05:30,2020-08-24T13:09:00+05:30,13.039,77.68,13.04,77.683,0.04909,142.6,32,0.07,3,0,-1.0,Insufficient data,0.6364
8,7,5,False,12.9335,77.6968,197.2,2019-01-16T09:06:00+05:30,2020-02-20T11:44:00+05:30,12.932,77.696,12.935,77.698,0.04909,142.6,33,0.116,5,0,-1.0,Insufficient data,0.5385
17,7,7,False,12.9259,77.6756,100.5,2019-02-22T08:05:00+05:30,2019-11-16T14:15:00+05:30,12.925,77.675,12.926,77.676,0.04909,142.6,34,0.116,5,0,-1.0,Insufficient data,0.3333
43,7,2,False,12.8592,77.6146,50.5,2019-06-06T14:46:00+05:30,2021-10-21T12:42:00+05:30,12.859,77.614,12.859,77.615,0.04909,142.6,35,0.116,5,0,-1.0,Insufficient data,0.5833
70,7,7,False,12.8657,77.6516,348.1,2020-04-15T16:15:00+05:30,2021-11-01T20:06:00+05:30,12.864,77.65,12.868,77.653,0.05942,117.8,36,0.163,7,0,-1.0,Insufficient data,0.3684
2,6,6,False,12.962,77.5717,53.4,2019-01-03T11:52:00+05:30,2020-11-27T10:05:00+05:30,12.962,77.572,12.962,77.572,0.04909,122.2,37,0.093,4,0,-1.0,Insufficient data,1.0
9,6,3,False,12.9336,77.6008,39.3,2019-01-23T10:21:00+05:30,2019-08-30T14:14:00+05:30,12.933,77.601,12.934,77.601,0.04909,122.2,38,0.116,5,0,-1.0,Insufficient data,0.8571
11,6,5,False,12.8622,77.603,215.1,2019-01-25T19:54:00+05:30,2019-11-12T16:22:00+05:30,12.861,77.602,12.863,77.605,0.04909,122.2,39,0.116,5,0,-1.0,Insufficient data,0.8571
34,6,6,False,12.9168,77.6208,272.5,2019-05-05T21:53:00+05:30,2020-12-13T16:30:00+05:30,12.916,77.618,12.918,77.622,0.04909,122.2,40,0.116,5,0,-1.0,Insufficient data,0.3529
40,6,6,False,13.0234,77.6636,160.9,2019-05-25T10:16:00+05:30,2021-04-24T22:19:00+05:30,13.023,77.663,13.024,77.665,0.04909,122.2,41,0.116,5,0,-1.0,Insufficient data,0.3333
41,6,5,False,13.0046,77.6366,229.7,2019-06-06T06:35:00+05:30,2020-03-28T18:57:00+05:30,13.003,77.635,13.006,77.638,0.04909,122.2,42,0.07,3,0,-1.0,Insufficient data,0.6667
42,6,5,False,13.0201,77.6752,211.4,2019-06-06T08:32:00+05:30,2020-11-26T01:30:00+05:30,13.019,77.674,13.021,77.676,0.04909,122.2,43,0.116,5,0,-1.0,Insufficient data,0.6667
45,6,4,False,13.0658,77.643,269.0,2019-06-17T20:37:00+05:30,2021-02-09T23:38:00+05:30,13.065,77.642,13.066,77.645,0.04909,122.2,44,0.116,5,0,-1.0,Insufficient data,0.4
46,6,5,False,12.9424,77.7005,300.9,2019-06-19T16:44:00+05:30,2020-02-27T12:11:00+05:30,12.942,77.698,12.943,77.703,0.04909,122.2,45,0.116,5,0,-1.0,Insufficient data,0.5455
51,6,6,False,12.9549,77.7171,191.8,2019-07-06T20:44:00+05:30,2019-11-25T13:40:00+05:30,12.954,77.716,12.956,77.718,0.04909,122.2,46,0.07,3,0,-1.0,Insufficient data,0.4286
52,6,6,False,13.0038,77.7146,209.7,2019-07-08T14:02:00+05:30,2019-10-26T12:27:00+05:30,13.003,77.714,13.004,77.716,0.04909,122.2,47,0.07,3,0,-1.0,Insufficient data,0.2857
58,6,6,False,13.0357,77.5987,201.1,2019-09-13T09:24:00+05:30,2020-04-27T12:23:00+05:30,13.035,77.597,13.036,77.601,0.04909,122.2,48,0.116,5,0,-1.0,Insufficient data,0.1875
64,6,1,True,12.9351,77.7009,0.0,2019-12-08T12:56:00+05:30,2021-01-08T20:33:00+05:30,12.935,77.701,12.935,77.701,0.04909,122.2,49,0.047,2,0,-1.0,Insufficient data,0.6667
67,6,5,False,13.0766,77.5267,128.7,2020-02-01T07:18:00+05:30,2021-03-02T12:48:00+05:30,13.076,77.526,13.077,77.527,0.04909,122.2,50,0.093,4,0,-1.0,Insufficient data,0.5455
73,6,2,False,12.977,77.6049,148.9,2021-01-08T18:30:00+05:30,2021-01-08T18:51:00+05:30,12.977,77.604,12.978,77.605,0.04909,122.2,51,0.023,1,0,-1.0,Insufficient data,0.6667
69,6,5,False,13.0501,77.6122,219.1,2019-04-29T10:38:00+05:30,2020-07-04T18:31:00+05:30,13.049,77.611,13.052,77.614,0.05172,116.0,52,0.14,6,0,-1.0,Insufficient data,0.5
62,6,4,False,12.8914,77.6396,304.1,2019-04-19T22:26:00+05:30,2019-11-11T10:06:00+05:30,12.89,77.639,12.893,77.642,0.05276,113.7,53,0.07,3,0,-1.0,Insufficient data,0.5455
59,6,6,False,12.9224,77.6743,206.0,2019-09-26T08:33:00+05:30,2020-04-11T15:51:00+05:30,12.921,77.673,12.923,77.676,0.05406,111.0,54,0.116,5,0,-1.0,Insufficient data,0.5
0,5,3,False,12.8782,77.6382,137.2,2019-01-02T12:52:00+05:30,2021-01-24T11:36:00+05:30,12.877,77.638,12.879,77.639,0.04909,101.9,55,0.116,5,0,-1.0,Insufficient data,0.3333
6,5,5,False,12.9026,77.6612,213.1,2019-01-10T22:28:00+05:30,2019-10-21T17:08:00+05:30,12.901,77.66,12.904,77.662,0.04909,101.9,56,0.093,4,0,-1.0,Insufficient data,0.625
13,5,5,False,12.923,77.591,252.7,2019-01-27T19:34:00+05:30,2021-08-09T06:40:00+05:30,12.922,77.59,12.923,77.593,0.04909,101.9,57,0.047,2,0,-1.0,Insufficient data,0.3571
19,5,4,False,12.9242,77.6521,51.6,2019-02-27T11:01:00+05:30,2020-12-13T16:43:00+05:30,12.924,77.652,12.925,77.652,0.04909,101.9,58,0.116,5,0,-1.0,Insufficient data,0.4545
25,5,5,False,12.973,77.7013,166.2,2019-02-22T16:20:00+05:30,2019-11-14T19:53:00+05:30,12.973,77.7,12.973,77.703,0.04909,101.9,59,0.093,4,0,-1.0,Insufficient data,0.7143
28,5,2,False,13.0587,77.6428,84.7,2019-04-01T11:35:00+05:30,2020-11-11T19:40:00+05:30,13.058,77.643,13.059,77.643,0.04909,101.9,60,0.116,5,0,-1.0,Insufficient data,0.5
29,5,5,False,12.9938,77.6792,20.6,2019-04-02T08:09:00+05:30,2019-09-24T08:21:00+05:30,12.994,77.679,12.994,77.679,0.04909,101.9,61,0.093,4,0,-1.0,Insufficient data,0.5
35,5,5,False,13.0192,77.6555,119.6,2019-05-06T19:23:00+05:30,2022-05-25T23:12:00+05:30,13.019,77.655,13.02,77.656,0.04909,101.9,62,0.116,5,1,2.333,Insufficient data,0.8333
39,5,4,False,12.891,77.5941,100.4,2019-05-22T13:44:00+05:30,2020-02-15T08:27:00+05:30,12.89,77.594,12.892,77.594,0.04909,101.9,63,0.093,4,0,-1.0,Insufficient data,0.4167
49,5,3,False,12.8987,77.6058,37.0,2019-06-29T23:35:00+05:30,2022-06-18T12:11:00+05:30,12.898,77.606,12.899,77.606,0.04909,101.9,64,0.116,5,2,7.889,Insufficient data,0.5556
53,5,3,False,12.9681,77.7569,93.2,2019-08-12T12:22:00+05:30,2019-11-08T21:07:00+05:30,12.968,77.756,12.968,77.757,0.04909,101.9,65,0.07,3,0,-1.0,Insufficient data,0.4545
54,5,3,False,12.8564,77.5889,43.1,2019-08-21T08:09:00+05:30,2019-12-21T13:23:00+05:30,12.856,77.589,12.857,77.589,0.04909,101.9,66,0.093,4,0,-1.0,Insufficient data,0.5
56,5,5,False,12.9337,77.5374,191.0,2019-05-21T22:37:00+05:30,2022-05-28T14:57:00+05:30,12.932,77.537,12.935,77.539,0.04909,101.9,67,0.116,5,1,2.333,Insufficient data,0.5556
57,5,5,False,12.8866,77.5559,185.4,2019-08-26T06:46:00+05:30,2020-02-15T08:05:00+05:30,12.886,77.555,12.888,77.557,0.04909,101.9,68,0.093,4,0,-1.0,Insufficient data,0.4167
60,5,5,False,12.9061,77.586,171.5,2019-10-14T13:55:00+05:30,2021-09-26T14:42:00+05:30,12.906,77.586,12.907,77.587,0.04909,101.9,69,0.07,3,0,-1.0,Insufficient data,0.3846
61,5,5,False,12.9594,77.6567,211.0,2019-01-11T10:25:00+05:30,2020-05-29T10:01:00+05:30,12.959,77.655,12.961,77.658,0.04909,101.9,70,0.093,4,0,-1.0,Insufficient data,0.4167
63,5,5,False,12.9102,77.6845,272.1,2019-07-23T20:55:00+05:30,2021-06-30T12:16:00+05:30,12.909,77.683,12.912,77.686,0.04909,101.9,71,0.116,5,0,-1.0,Insufficient data,0.2
65,5,5,False,12.901,77.6231,207.4,2019-03-24T11:43:00+05:30,2020-02-14T01:33:00+05:30,12.9,77.622,12.902,77.624,0.04909,101.9,72,0.116,5,0,-1.0,Insufficient data,0.7143
71,5,3,False,12.8761,77.6421,44.8,2020-08-15T16:53:00+05:30,2020-08-15T18:18:00+05:30,12.876,77.642,12.876,77.642,0.04909,101.9,73,0.023,1,0,-1.0,Insufficient data,0.3125
72,5,5,False,12.8662,77.6655,231.3,2019-08-05T22:22:00+05:30,2020-10-22T21:50:00+05:30,12.866,77.663,12.867,77.666,0.04909,101.9,74,0.047,2,0,-1.0,Insufficient data,1.0
74,5,5,False,12.9647,77.7111,212.1,2019-08-20T07:37:00+05:30,2021-02-20T17:48:00+05:30,12.964,77.709,12.965,77.713,0.04909,101.9,75,0.116,5,0,-1.0,Insufficient data,0.1852
75,5,5,False,13.0189,77.6845,200.4,2019-06-28T20:48:00+05:30,2021-07-19T11:19:00+05:30,13.018,77.684,13.02,77.685,0.04909,101.9,76,0.093,4,0,-1.0,Insufficient data,0.3846
