scope,check,count,pct
all_complaints,null_coordinates,0,0.0
all_complaints,out_of_global_range,0,0.0
all_complaints,zero_zero,0,0.0
all_complaints,swapped_lat_lon,0,0.0
all_complaints,coarse_rounded_(<=3_decimals),0,0.0
all_complaints,outside_bengaluru_boundary,660,4.107
all_complaints,suspect_fallback_pin_(multiplicity>=8),770,4.791
all_complaints,ward_id_disagrees_with_polygon_(inside_boundary_only),608,3.783
all_complaints,usable_valid_inside_boundary,15411,95.893
pothole_reports,null_coordinates,0,0.0
pothole_reports,out_of_global_range,0,0.0
pothole_reports,zero_zero,0,0.0
pothole_reports,swapped_lat_lon,0,0.0
pothole_reports,coarse_rounded_(<=3_decimals),0,0.0
pothole_reports,outside_bengaluru_boundary,157,6.972
pothole_reports,suspect_fallback_pin_(multiplicity>=8),113,5.018
pothole_reports,ward_id_disagrees_with_polygon_(inside_boundary_only),98,4.352
pothole_reports,usable_valid_inside_boundary,2095,93.028
