latitude,longitude,reports_all_categories,pothole_reports,distinct_sub_issue_types,distinct_months,first_report,last_report,suspect_fallback_pin
12.992,77.594,81,43,5,7,2019-05-24,2019-12-02,True
12.972,77.595,43,4,18,19,2019-01-10,2022-04-14,True
12.99,77.593,24,2,10,6,2020-03-01,2022-05-18,True
12.885,77.545,23,1,7,4,2020-09-27,2021-02-01,True
12.981,77.59,21,1,10,6,2019-03-12,2022-03-07,True
13.016,77.678,18,1,13,15,2019-06-24,2022-02-28,True
12.915,77.699,17,8,5,7,2019-02-18,2020-02-08,True
12.94,77.729,17,2,5,5,2019-01-09,2021-01-05,True
12.907,77.676,16,5,8,12,2019-01-29,2021-04-04,True
13.033,77.658,15,5,7,10,2019-05-27,2022-03-24,True
12.915,77.667,13,4,3,3,2019-03-12,2019-11-11,True
12.902,77.604,13,1,4,3,2019-09-11,2020-12-28,True
12.957,77.701,12,2,10,11,2019-04-21,2022-03-03,True
13.104,77.571,12,1,9,9,2019-04-23,2021-10-13,True
12.976,77.535,11,1,4,5,2019-06-17,2021-01-02,True
13.086,77.551,11,1,7,4,2019-12-06,2021-01-09,True
13.056,77.632,10,4,4,9,2019-06-14,2021-01-08,True
12.912,77.645,10,1,8,8,2019-05-04,2022-05-06,True
12.964,77.658,10,1,8,6,2019-05-09,2022-02-27,True
12.97,77.75,10,1,8,9,2019-06-16,2022-03-25,True
12.899,77.651,9,6,3,5,2019-06-04,2020-03-10,True
13.079,77.634,9,6,2,6,2019-01-24,2019-10-24,True
13.03,77.679,9,2,6,8,2019-09-25,2022-03-03,True
13.051,77.633,9,2,5,8,2019-01-04,2022-06-18,True
12.906,77.699,9,1,7,5,2019-06-10,2022-03-11,True
12.93,77.678,9,1,8,7,2019-05-04,2022-05-31,True
13.006,77.721,9,1,8,4,2019-01-09,2021-04-12,True
12.919,77.548,8,1,5,2,2019-07-31,2019-08-02,True
12.931,77.567,8,1,6,8,2019-05-17,2022-04-29,True
12.967,77.681,8,1,6,5,2019-03-19,2020-12-31,True
13.053,77.601,8,1,7,6,2019-02-01,2022-07-20,True
13.06,77.515,8,1,5,4,2019-07-04,2021-03-21,True
12.862,77.675,7,5,3,7,2019-06-27,2021-08-09,False
12.856,77.589,7,3,5,5,2019-08-21,2021-01-09,False
12.876,77.642,7,3,5,1,2020-08-14,2020-08-20,False
12.898,77.606,7,3,4,5,2019-06-29,2020-12-26,False
13.058,77.643,7,3,3,5,2020-01-21,2020-09-13,False
13.066,77.642,7,3,2,6,2019-05-28,2019-10-14,False
12.879,77.638,7,2,5,5,2019-01-02,2022-06-01,False
12.934,77.704,7,2,3,5,2020-09-10,2022-07-15,False
12.973,77.686,7,2,4,3,2019-03-12,2019-05-08,False
13.076,77.526,7,2,5,7,2019-06-25,2021-10-21,False
13.108,77.609,7,2,3,3,2019-08-17,2021-09-03,False
12.889,77.67,7,1,5,1,2021-01-07,2021-01-24,False
12.906,77.586,7,1,5,4,2020-09-13,2021-09-07,False
12.917,77.622,7,1,5,6,2019-07-19,2020-12-13,False
12.925,77.547,7,1,5,4,2019-11-02,2022-02-08,False
13.036,77.597,7,1,7,3,2019-10-12,2021-03-04,False
12.935,77.701,6,6,1,2,2019-12-08,2021-01-08,False
12.931,77.686,6,5,2,3,2019-01-30,2021-01-04,False
12.859,77.614,6,4,3,5,2019-06-06,2021-10-09,False
12.859,77.615,6,3,2,6,2019-05-24,2021-10-21,False
12.939,77.697,6,3,4,6,2019-01-23,2019-11-08,False
12.968,77.757,6,3,3,3,2019-06-08,2019-11-08,False
13.022,77.611,6,3,4,4,2019-10-04,2020-07-22,False
13.025,77.559,6,3,4,4,2019-08-04,2021-02-14,False
12.864,77.662,6,2,5,3,2019-11-12,2020-06-23,False
12.871,77.656,6,2,5,6,2019-01-12,2019-12-11,False
12.879,77.621,6,2,4,4,2019-05-06,2021-02-26,False
12.999,77.557,6,2,4,3,2019-04-01,2020-02-18,False
12.849,77.596,6,1,4,3,2020-02-06,2021-11-16,False
12.869,77.534,6,1,6,5,2019-05-11,2022-02-24,False
12.893,77.665,6,1,4,3,2019-03-25,2020-02-05,False
12.904,77.565,6,1,6,6,2019-06-19,2022-03-02,False
12.952,77.708,6,1,3,4,2019-06-06,2021-03-19,False
12.959,77.697,6,1,6,4,2019-02-12,2021-01-10,False
12.977,77.646,6,1,5,5,2019-10-20,2021-08-18,False
12.98,77.679,6,1,4,4,2019-06-08,2021-01-01,False
13.04,77.59,6,1,6,5,2020-09-18,2022-03-20,False
12.876,77.674,5,5,1,3,2021-02-11,2021-11-08,False
12.977,77.605,5,5,1,1,2021-01-08,2021-01-08,False
12.866,77.667,5,4,2,2,2019-08-05,2019-09-26,False
12.951,77.718,5,4,2,2,2019-10-10,2019-11-20,False
12.993,77.596,5,4,2,2,2019-09-13,2019-10-16,False
12.868,77.617,5,3,3,5,2019-12-03,2021-11-09,False
12.911,77.698,5,3,2,5,2019-03-08,2020-02-03,False
13.06,77.633,5,3,3,2,2019-06-11,2019-11-15,False
12.87,77.627,5,2,4,3,2019-01-21,2021-10-16,False
12.9,77.483,5,2,4,4,2020-12-22,2022-03-02,False
12.924,77.652,5,2,3,5,2019-05-09,2020-02-24,False
12.936,77.706,5,2,4,5,2019-06-25,2021-04-05,False
12.994,77.667,5,2,3,4,2019-01-19,2022-03-16,False
13.068,77.634,5,2,3,3,2019-07-04,2021-01-10,False
12.872,77.659,5,1,4,2,2019-07-28,2019-11-08,False
12.876,77.581,5,1,3,5,2019-10-14,2020-10-23,False
12.902,77.602,5,1,2,2,2019-07-25,2019-09-26,False
12.902,77.554,5,1,2,5,2019-06-01,2020-02-16,False
12.915,77.521,5,1,5,4,2019-10-24,2020-10-28,False
12.958,77.709,5,1,5,5,2019-01-30,2022-06-04,False
12.965,77.76,5,1,5,5,2019-09-30,2021-11-20,False
12.971,77.768,5,1,4,3,2019-02-23,2022-03-03,False
12.984,77.68,5,1,4,4,2019-10-30,2022-07-17,False
12.991,77.597,5,1,3,1,2019-05-15,2019-05-21,False
12.997,77.611,5,1,3,3,2019-06-30,2020-02-12,False
12.998,77.553,5,1,5,4,2019-08-31,2022-02-23,False
13.024,77.718,5,1,3,2,2019-11-26,2020-05-15,False
12.934,77.601,4,4,1,3,2019-05-31,2019-08-30,False
12.98,77.762,4,3,2,4,2019-10-01,2020-12-21,False
12.822,77.66,4,2,3,4,2019-03-24,2021-01-23,False
12.871,77.645,4,2,3,1,2020-08-15,2020-08-15,False
12.873,77.658,4,2,3,2,2019-11-07,2020-01-22,False
12.9,77.635,4,2,3,2,2019-09-05,2019-10-01,False
12.942,77.701,4,2,2,4,2019-11-17,2020-06-04,False
12.945,77.526,4,2,3,4,2019-07-24,2020-03-07,False
12.997,77.61,4,2,2,2,2019-03-29,2019-05-20,False
13.041,77.59,4,2,2,4,2019-04-22,2020-02-07,False
13.048,77.644,4,2,2,2,2019-04-20,2019-05-29,False
13.049,77.601,4,2,3,4,2019-01-14,2020-12-29,False
13.049,77.614,4,2,3,3,2019-02-21,2020-07-04,False
12.849,77.649,4,1,4,4,2021-04-27,2022-03-24,False
12.868,77.662,4,1,4,4,2019-02-15,2021-07-12,False
12.869,77.616,4,1,2,3,2019-02-23,2019-11-13,False
12.879,77.638,4,1,4,4,2019-02-15,2020-01-23,False
12.887,77.639,4,1,4,1,2019-07-24,2019-07-24,False
12.889,77.673,4,1,3,3,2019-12-17,2020-10-28,False
12.892,77.649,4,1,3,3,2020-06-29,2022-04-14,False
12.9,77.571,4,1,4,3,2019-06-06,2021-01-10,False
12.903,77.56,4,1,3,3,2019-02-22,2020-06-14,False
12.904,77.65,4,1,3,3,2019-03-20,2020-08-23,False
12.913,77.604,4,1,4,4,2019-09-07,2021-11-02,False
12.926,77.676,4,1,4,2,2019-02-21,2019-03-22,False
12.926,77.675,4,1,4,4,2019-03-22,2020-01-20,False
12.929,77.557,4,1,3,3,2019-08-14,2020-10-21,False
12.954,77.656,4,1,3,2,2020-01-10,2020-02-24,False
12.965,77.713,4,1,3,3,2019-08-01,2022-04-11,False
12.97,77.733,4,1,4,4,2019-03-20,2020-12-30,False
12.976,77.528,4,1,4,4,2019-11-06,2021-05-25,False
12.977,77.59,4,1,4,4,2019-02-07,2022-05-31,False
12.981,77.678,4,1,3,1,2020-08-07,2020-08-07,False
12.996,77.606,4,1,3,2,2020-11-19,2020-12-11,False
13.041,77.662,4,1,4,4,2019-09-14,2021-01-01,False
13.062,77.616,4,1,3,3,2019-10-02,2021-02-07,False
12.889,77.626,3,3,1,1,2020-01-12,2020-01-23,False
12.893,77.639,3,3,1,1,2019-11-10,2019-11-11,False
12.855,77.569,3,2,2,1,2019-09-23,2019-09-26,False
12.868,77.703,3,2,2,3,2019-03-29,2020-02-08,False
12.868,77.628,3,2,2,3,2019-03-09,2021-03-23,False
12.877,77.639,3,2,2,3,2020-12-13,2021-03-17,False
12.891,77.598,3,2,2,3,2019-01-10,2020-02-10,False
12.904,77.593,3,2,2,2,2019-11-13,2020-03-06,False
12.906,77.68,3,2,2,3,2019-11-08,2020-05-29,False
12.91,77.679,3,2,2,3,2019-03-06,2022-05-16,False
12.916,77.692,3,2,2,3,2019-05-12,2019-12-02,False
12.927,77.566,3,2,2,1,2020-06-09,2020-06-09,False
12.932,77.696,3,2,2,2,2019-09-11,2020-01-19,False
12.935,77.697,3,2,2,2,2020-01-28,2020-02-20,False
12.938,77.699,3,2,2,3,2019-11-26,2020-01-08,False
12.938,77.747,3,2,2,2,2019-08-21,2019-09-09,False
12.952,77.721,3,2,2,3,2019-07-16,2020-03-09,False
12.965,77.682,3,2,2,3,2019-04-28,2019-07-14,False
13.029,77.651,3,2,2,3,2020-09-03,2021-10-09,False
13.042,77.554,3,2,2,2,2019-12-16,2020-01-09,False
12.841,77.649,3,1,2,3,2019-01-12,2019-08-01,False
12.857,77.609,3,1,2,3,2019-03-27,2020-10-31,False
12.86,77.608,3,1,2,3,2019-01-02,2019-08-21,False
12.874,77.512,3,1,3,3,2020-02-18,2022-07-26,False
12.884,77.596,3,1,3,3,2019-01-03,2019-10-14,False
12.886,77.619,3,1,2,2,2019-03-08,2019-07-15,False
12.887,77.555,3,1,3,3,2019-03-21,2019-09-04,False
12.887,77.592,3,1,3,2,2019-05-22,2021-01-09,False
12.888,77.528,3,1,3,3,2019-10-08,2021-02-18,False
12.891,77.632,3,1,2,3,2020-02-11,2020-06-23,False
12.894,77.611,3,1,3,3,2019-03-26,2020-08-18,False
12.901,77.607,3,1,2,2,2019-07-21,2019-09-02,False
12.902,77.519,3,1,3,3,2021-03-25,2022-07-30,False
12.905,77.682,3,1,3,3,2019-08-19,2022-06-22,False
12.911,77.552,3,1,3,2,2020-07-04,2020-09-07,False
12.913,77.687,3,1,3,2,2019-02-08,2019-03-10,False
12.917,77.622,3,1,3,2,2019-03-16,2019-11-12,False
12.919,77.545,3,1,2,1,2021-01-07,2021-01-07,False
12.92,77.592,3,1,3,3,2019-03-13,2019-10-21,False
12.929,77.52,3,1,3,2,2021-11-08,2022-03-08,False
12.935,77.612,3,1,2,2,2019-09-16,2019-11-06,False
12.938,77.747,3,1,3,3,2019-08-28,2020-01-22,False
12.94,77.581,3,1,3,1,2020-11-13,2020-11-13,False
12.958,77.582,3,1,3,3,2019-06-07,2020-03-17,False
12.959,77.661,3,1,2,3,2019-02-03,2020-01-30,False
12.968,77.513,3,1,3,1,2019-08-08,2019-08-08,False
12.969,77.743,3,1,3,3,2019-05-25,2019-11-03,False
12.971,77.576,3,1,3,3,2019-01-05,2020-04-15,False
12.975,77.698,3,1,3,3,2019-03-05,2019-12-04,False
12.976,77.558,3,1,3,2,2020-11-05,2020-12-31,False
12.979,77.768,3,1,3,2,2019-03-15,2019-11-06,False
12.979,77.507,3,1,3,3,2019-07-05,2022-04-06,False
12.98,77.764,3,1,3,3,2019-02-23,2019-05-15,False
12.98,77.695,3,1,3,3,2019-02-20,2019-09-16,False
12.981,77.668,3,1,3,1,2021-03-05,2021-03-28,False
12.983,77.761,3,1,3,2,2019-02-12,2019-03-06,False
12.99,77.685,3,1,3,2,2019-02-07,2019-03-07,False
12.992,77.505,3,1,3,3,2019-10-02,2021-11-18,False
12.997,77.559,3,1,3,2,2019-10-24,2019-11-20,False
12.998,77.557,3,1,3,2,2019-10-01,2020-02-18,False
13.0,77.715,3,1,3,2,2019-11-10,2022-03-14,False
13.002,77.632,3,1,3,1,2019-02-18,2019-02-18,False
13.005,77.722,3,1,3,2,2019-11-24,2020-02-28,False
13.008,77.674,3,1,3,3,2019-04-20,2022-03-03,False
13.009,77.634,3,1,3,3,2019-11-06,2021-01-26,False
13.018,77.688,3,1,3,1,2021-11-25,2021-11-25,False
13.019,77.684,3,1,3,1,2021-07-19,2021-07-19,False
13.025,77.644,3,1,3,3,2019-01-15,2019-11-11,False
13.026,77.677,3,1,3,1,2020-12-03,2020-12-17,False
13.029,77.635,3,1,3,2,2019-08-25,2019-09-02,False
13.031,77.633,3,1,3,3,2019-04-26,2019-12-24,False
13.033,77.674,3,1,3,3,2019-07-10,2022-02-28,False
13.036,77.598,3,1,3,3,2019-06-13,2019-10-02,False
13.038,77.606,3,1,2,1,2021-07-10,2021-07-10,False
13.04,77.573,3,1,2,1,2020-05-21,2020-05-24,False
13.055,77.612,3,1,2,3,2019-06-11,2019-11-29,False
13.061,77.632,3,1,3,3,2019-11-18,2021-05-19,False
13.063,77.645,3,1,3,3,2020-12-11,2022-03-23,False
13.065,77.645,3,1,3,2,2020-12-09,2022-05-27,False
13.068,77.598,3,1,3,3,2019-07-31,2020-11-06,False
13.088,77.558,3,1,2,3,2019-08-24,2019-11-15,False
12.851,77.595,2,2,1,1,2020-02-01,2020-02-08,False
12.855,77.598,2,2,1,1,2021-10-31,2021-10-31,False
12.857,77.607,2,2,1,1,2019-08-12,2019-08-12,False
12.861,77.599,2,2,1,2,2019-09-10,2020-10-26,False
12.863,77.603,2,2,1,2,2019-01-25,2019-05-24,False
12.868,77.721,2,2,1,1,2021-11-21,2021-11-21,False
12.872,77.617,2,2,1,1,2019-01-25,2019-01-25,False
12.875,77.661,2,2,1,1,2020-02-18,2020-02-20,False
12.877,77.736,2,2,1,1,2022-07-17,2022-07-29,False
12.879,77.607,2,2,1,2,2019-02-21,2020-02-24,False
12.883,77.752,2,2,1,1,2019-10-10,2019-10-22,False
12.885,77.738,2,2,1,1,2022-07-17,2022-07-29,False
12.891,77.594,2,2,1,1,2020-02-15,2020-02-15,False
12.891,77.626,2,2,1,2,2019-07-07,2019-11-01,False
12.892,77.599,2,2,1,2,2019-06-19,2019-07-25,False
12.893,77.627,2,2,1,2,2019-07-04,2019-11-07,False
12.898,77.614,2,2,1,2,2020-02-07,2020-03-11,False
12.899,77.649,2,2,1,2,2019-02-08,2019-09-27,False
12.901,77.707,2,2,1,2,2019-02-27,2019-07-03,False
12.905,77.567,2,2,1,2,2019-09-06,2020-02-03,False
12.905,77.573,2,2,1,1,2019-01-14,2019-01-31,False
12.905,77.639,2,2,1,2,2019-02-21,2019-06-06,False
12.908,77.601,2,2,1,2,2019-07-25,2020-01-22,False
12.918,77.67,2,2,1,1,2019-11-09,2019-11-12,False
12.925,77.6,2,2,1,2,2019-03-13,2019-05-31,False
12.93,77.485,2,2,1,1,2019-04-27,2019-04-29,False
12.936,77.513,2,2,1,1,2019-09-17,2019-09-17,False
12.941,77.543,2,2,1,1,2020-01-18,2020-01-19,False
12.945,77.678,2,2,1,2,2021-03-12,2021-08-05,False
12.948,77.719,2,2,1,1,2019-11-13,2019-11-21,False
12.949,77.703,2,2,1,2,2019-04-09,2019-10-16,False
12.961,77.564,2,2,1,1,2020-02-24,2020-02-24,False
12.969,77.575,2,2,1,1,2020-03-20,2020-03-21,False
12.97,77.597,2,2,1,1,2020-02-12,2020-02-12,False
12.986,77.67,2,2,1,2,2019-04-29,2019-06-21,False
13.004,77.725,2,2,1,2,2019-08-29,2019-11-02,False
13.005,77.637,2,2,1,1,2019-11-14,2019-11-14,False
13.02,77.674,2,2,1,2,2019-09-24,2020-06-16,False
13.031,77.636,2,2,1,2,2019-11-06,2020-05-31,False
13.053,77.57,2,2,1,1,2020-01-28,2020-01-29,False
13.059,77.566,2,2,1,1,2019-04-02,2019-04-02,False
13.059,77.643,2,2,1,2,2019-04-01,2020-11-11,False
13.069,77.634,2,2,1,1,2021-01-06,2021-01-06,False
13.072,77.51,2,2,1,1,2019-04-13,2019-04-23,False
12.828,77.689,2,1,2,2,2019-07-28,2020-03-06,False
12.838,77.649,2,1,2,1,2022-06-29,2022-06-29,False
12.844,77.644,2,1,2,2,2019-06-06,2019-07-16,False
12.849,77.684,2,1,2,2,2019-08-01,2019-12-02,False
12.85,77.654,2,1,2,2,2021-09-03,2021-11-17,False
12.85,77.586,2,1,2,2,2019-11-07,2020-02-14,False
12.857,77.577,2,1,2,2,2020-01-11,2020-02-11,False
12.862,77.683,2,1,2,1,2019-01-09,2019-01-09,False
12.864,77.651,2,1,2,2,2021-04-08,2021-08-01,False
12.867,77.62,2,1,2,1,2019-06-30,2019-06-30,False
12.87,77.702,2,1,2,1,2019-05-16,2019-05-24,False
12.873,77.595,2,1,2,1,2019-11-01,2019-11-01,False
12.873,77.595,2,1,2,2,2019-08-25,2019-09-30,False
12.874,77.617,2,1,2,1,2019-02-05,2019-02-16,False
12.876,77.674,2,1,2,1,2019-02-08,2019-02-12,False
12.879,77.545,2,1,2,2,2019-09-03,2019-10-18,False
12.879,77.554,2,1,2,2,2019-08-30,2020-02-13,False
12.88,77.754,2,1,2,2,2019-07-27,2021-11-16,False
12.882,77.69,2,1,2,1,2020-08-08,2020-08-08,False
12.885,77.545,2,1,2,2,2019-02-15,2019-07-06,False
12.889,77.673,2,1,2,2,2020-10-28,2020-11-30,False
12.889,77.653,2,1,2,1,2021-11-29,2021-11-29,False
12.889,77.66,2,1,2,1,2021-11-15,2021-11-17,False
12.89,77.673,2,1,2,2,2019-08-07,2019-09-02,False
12.891,77.64,2,1,2,2,2019-10-23,2019-11-08,False
12.893,77.695,2,1,2,2,2019-10-11,2021-10-05,False
12.896,77.621,2,1,2,2,2020-01-10,2020-02-24,False
12.896,77.603,2,1,2,2,2019-05-31,2020-12-26,False
12.896,77.462,2,1,2,1,2020-01-05,2020-01-05,False
12.899,77.676,2,1,2,2,2019-10-10,2019-12-29,False
12.899,77.587,2,1,2,2,2019-09-04,2019-10-21,False
12.9,77.475,2,1,2,2,2019-06-25,2019-09-16,False
12.902,77.601,2,1,2,1,2019-04-26,2019-04-26,False
12.903,77.685,2,1,2,1,2020-01-02,2020-01-07,False
12.904,77.667,2,1,2,2,2019-09-16,2020-09-10,False
12.905,77.604,2,1,2,2,2019-08-10,2019-11-07,False
12.906,77.57,2,1,2,2,2020-05-18,2021-05-18,False
12.906,77.616,2,1,2,2,2019-11-10,2019-12-28,False
12.908,77.573,2,1,2,2,2021-01-08,2022-04-01,False
12.91,77.685,2,1,2,2,2019-03-12,2019-07-23,False
12.912,77.585,2,1,2,1,2019-06-07,2019-06-15,False
12.914,77.685,2,1,2,2,2019-08-21,2021-01-04,False
12.914,77.552,2,1,2,2,2019-03-17,2019-10-23,False
12.914,77.665,2,1,2,1,2020-02-24,2020-02-24,False
12.914,77.638,2,1,2,1,2019-10-17,2019-10-18,False
12.916,77.643,2,1,2,1,2020-11-07,2020-11-07,False
12.916,77.675,2,1,2,2,2020-04-24,2020-09-11,False
12.917,77.62,2,1,2,2,2019-09-26,2020-01-18,False
12.923,77.673,2,1,2,2,2019-11-26,2020-04-11,False
12.923,77.537,2,1,2,2,2019-09-04,2020-05-15,False
12.924,77.686,2,1,2,1,2020-01-18,2020-01-19,False
12.925,77.574,2,1,2,2,2020-11-22,2022-03-22,False
12.925,77.621,2,1,2,2,2019-09-09,2019-11-08,False
12.927,77.688,2,1,2,1,2019-08-25,2019-08-29,False
12.932,77.692,2,1,2,2,2019-08-23,2019-09-03,False
12.932,77.685,2,1,2,2,2019-06-12,2019-09-01,False
12.933,77.631,2,1,2,2,2019-10-16,2022-03-03,False
12.936,77.551,2,1,2,2,2019-01-16,2020-02-04,False
12.938,77.699,2,1,2,1,2020-02-13,2020-02-28,False
12.939,77.695,2,1,2,2,2020-09-17,2021-09-18,False
12.941,77.486,2,1,2,1,2020-07-17,2020-07-17,False
12.948,77.699,2,1,2,2,2019-10-11,2019-12-18,False
12.948,77.705,2,1,2,2,2019-11-21,2021-08-30,False
12.951,77.645,2,1,2,2,2019-05-06,2021-09-10,False
12.951,77.705,2,1,2,1,2019-05-11,2019-05-25,False
12.951,77.574,2,1,2,1,2019-11-03,2019-11-21,False
12.951,77.718,2,1,2,2,2019-11-18,2019-12-02,False
12.955,77.621,2,1,2,2,2019-02-07,2021-01-30,False
12.955,77.717,2,1,2,2,2019-10-25,2022-06-17,False
12.956,77.64,2,1,2,1,2021-01-06,2021-01-08,False
12.959,77.732,2,1,2,2,2019-11-13,2020-08-06,False
12.962,77.732,2,1,2,2,2019-10-29,2021-02-17,False
12.963,77.659,2,1,2,2,2019-03-18,2019-04-28,False
12.965,77.709,2,1,2,2,2019-11-07,2020-06-09,False
12.966,77.757,2,1,2,1,2019-04-09,2019-04-09,False
12.967,77.763,2,1,2,2,2019-11-07,2021-11-17,False
12.969,77.74,2,1,2,1,2020-01-27,2020-01-27,False
12.97,77.734,2,1,2,2,2019-03-30,2019-09-16,False
12.972,77.613,2,1,2,2,2019-03-21,2019-07-13,False
12.972,77.595,2,1,2,2,2020-12-12,2021-01-08,False
12.973,77.718,2,1,2,2,2019-11-23,2021-11-21,False
12.973,77.534,2,1,2,2,2021-02-26,2021-10-03,False
12.973,77.701,2,1,2,2,2019-09-25,2019-11-13,False
12.975,77.527,2,1,2,1,2019-01-15,2019-01-15,False
12.977,77.727,2,1,2,2,2019-07-30,2019-11-20,False
12.977,77.675,2,1,2,2,2022-02-17,2022-03-17,False
12.978,77.63,2,1,2,1,2020-10-11,2020-10-11,False
12.979,77.682,2,1,2,2,2021-12-01,2022-06-30,False
12.981,77.77,2,1,2,1,2019-05-16,2019-05-16,False
12.982,77.76,2,1,2,2,2019-01-19,2019-02-18,False
12.984,77.753,2,1,2,2,2019-09-20,2022-05-31,False
12.985,77.543,2,1,2,2,2019-10-18,2019-11-21,False
12.992,77.594,2,1,2,2,2020-01-07,2020-05-14,False
12.992,77.717,2,1,2,2,2019-06-26,2019-08-04,False
12.993,77.673,2,1,2,2,2019-11-22,2020-05-06,False
12.997,77.564,2,1,2,2,2019-08-28,2019-11-28,False
12.997,77.563,2,1,2,1,2019-09-16,2019-09-16,False
12.997,77.654,2,1,2,2,2019-07-23,2019-09-03,False
12.997,77.717,2,1,2,2,2019-08-14,2021-02-23,False
13.001,77.708,2,1,2,2,2020-02-23,2020-05-24,False
13.004,77.714,2,1,2,1,2019-07-11,2019-07-17,False
13.006,77.749,2,1,2,2,2019-11-21,2022-02-01,False
13.006,77.748,2,1,2,2,2019-07-21,2019-08-05,False
13.013,77.611,2,1,2,2,2021-07-15,2021-08-29,False
13.015,77.661,2,1,2,2,2022-03-23,2022-06-09,False
13.016,77.716,2,1,2,1,2019-09-24,2019-09-24,False
13.021,77.676,2,1,2,2,2019-04-28,2019-06-06,False
13.022,77.601,2,1,2,2,2021-01-15,2022-03-13,False
13.023,77.663,2,1,2,2,2019-09-12,2019-10-10,False
13.026,77.604,2,1,2,2,2020-02-23,2021-01-20,False
13.027,77.661,2,1,2,1,2019-08-02,2019-08-26,False
13.031,77.653,2,1,2,2,2020-02-16,2020-04-11,False
13.032,77.611,2,1,2,2,2020-10-14,2021-04-25,False
13.036,77.601,2,1,2,2,2019-04-02,2019-12-05,False
13.038,77.563,2,1,2,1,2019-03-27,2019-03-28,False
13.039,77.682,2,1,2,1,2020-08-24,2020-08-24,False
13.039,77.597,2,1,2,2,2019-09-19,2019-11-02,False
13.039,77.645,2,1,2,1,2019-09-07,2019-09-07,False
13.042,77.614,2,1,2,2,2019-05-01,2019-07-29,False
13.043,77.619,2,1,2,2,2019-09-16,2019-10-16,False
13.043,77.626,2,1,2,2,2020-02-20,2020-12-10,False
13.044,77.557,2,1,2,1,2019-09-16,2019-09-25,False
13.045,77.627,2,1,2,2,2019-09-26,2019-10-22,False
13.049,77.627,2,1,2,2,2019-03-03,2019-07-23,False
13.05,77.494,2,1,2,2,2020-09-04,2020-10-27,False
13.05,77.539,2,1,2,1,2020-12-09,2020-12-09,False
13.052,77.612,2,1,2,2,2019-08-16,2020-01-03,False
13.055,77.604,2,1,2,2,2019-04-13,2021-12-21,False
13.057,77.624,2,1,2,1,2019-02-22,2019-02-25,False
13.058,77.546,2,1,2,2,2020-03-24,2022-05-27,False
13.062,77.54,2,1,2,2,2019-04-19,2020-10-17,False
13.068,77.566,2,1,2,2,2020-01-19,2020-08-29,False
13.076,77.523,2,1,2,2,2019-01-14,2020-03-04,False
13.083,77.634,2,1,2,2,2019-05-20,2019-09-23,False
13.09,77.636,2,1,2,2,2019-11-15,2019-12-09,False
