month,all_complaints,pothole_reports,pothole_usable_for_dbscan,pothole_share
2019-01,443,75,67,0.1693
2019-02,461,63,57,0.1367
2019-03,613,67,63,0.1093
2019-04,484,64,61,0.1322
2019-05,590,96,89,0.1627
2019-06,606,103,95,0.17
2019-07,639,83,69,0.1299
2019-08,739,162,139,0.2192
2019-09,683,176,145,0.2577
2019-10,869,238,195,0.2739
2019-11,801,205,192,0.2559
2019-12,455,71,60,0.156
2020-01,578,88,80,0.1522
2020-02,658,93,85,0.1413
2020-03,571,64,57,0.1121
2020-04,160,9,8,0.0562
2020-05,246,22,22,0.0894
2020-06,245,28,28,0.1143
2020-07,179,30,27,0.1676
2020-08,230,52,46,0.2261
2020-09,271,23,19,0.0849
2020-10,324,38,32,0.1173
2020-11,289,33,30,0.1142
2020-12,741,35,31,0.0472
2021-01,613,41,37,0.0669
2021-02,243,18,16,0.0741
2021-03,228,19,17,0.0833
2021-04,150,13,13,0.0867
2021-05,106,2,2,0.0189
2021-06,132,8,7,0.0606
2021-07,194,12,10,0.0619
2021-08,174,17,14,0.0977
2021-09,176,24,19,0.1364
2021-10,194,29,25,0.1495
2021-11,259,33,25,0.1274
2021-12,176,14,14,0.0795
2022-01,169,10,8,0.0592
2022-02,182,9,7,0.0495
2022-03,340,12,11,0.0353
2022-04,180,10,9,0.0556
2022-05,208,24,19,0.1154
2022-06,264,20,18,0.0758
2022-07,208,19,14,0.0913
